vin,make,model,year,base_msrp_high
1G6DP5E39C0107021,Cadillac,CTS Sedan,2012,48290
1G6DP5E39D0101219,Cadillac,CTS Sedan,2013,48290
1G6DP5E39D0162201,Cadillac,CTS Sedan,2013,48290
1G6DP5E39D0163610,Cadillac,CTS Sedan,2013,48290
1G6DP5E39D0180052,Cadillac,CTS Sedan,2013,48290
1G6DP5E3XC0112356,Cadillac,CTS Sedan,2012,48290
1G6DP5E3XC0122465,Cadillac,CTS Sedan,2012,48290
1G6DP5E3XC0138651,Cadillac,CTS Sedan,2012,48290
1G6DP5E3XC0153778,Cadillac,CTS Sedan,2012,48290
1G6DP5E3XD0117249,Cadillac,CTS Sedan,2013,48290
1G6DP5E3XD0149604,Cadillac,CTS Sedan,2013,48290
1G6DP5E3XD0177967,Cadillac,CTS Sedan,2013,48290
1G6DP5ED0B0100238,Cadillac,CTS Sedan,2011,47800
1G6DP5ED0B0143879,Cadillac,CTS Sedan,2011,47800
1G6DP5ED0B0159807,Cadillac,CTS Sedan,2011,47800
1G6DP5ED1B0112835,Cadillac,CTS Sedan,2011,47800
1G6DP5ED1B0148556,Cadillac,CTS Sedan,2011,47800
1G6DP5ED1B0155331,Cadillac,CTS Sedan,2011,47800
1G6DP5ED2B0155337,Cadillac,CTS Sedan,2011,47800
1G6DP5ED2B0156410,Cadillac,CTS Sedan,2011,47800
1G6DP5ED3B0169635,Cadillac,CTS Sedan,2011,47800
1G6DP5ED4B0154741,Cadillac,CTS Sedan,2011,47800
1G6DP5ED4B0155291,Cadillac,CTS Sedan,2011,47800
1G6DP5ED4B0169899,Cadillac,CTS Sedan,2011,47800
1G6DP5ED5B0138595,Cadillac,CTS Sedan,2011,47800
1G6DP5ED5B0140914,Cadillac,CTS Sedan,2011,47800
1G6DP5ED5B0151492,Cadillac,CTS Sedan,2011,47800
1G6DP5ED5B0165442,Cadillac,CTS Sedan,2011,47800
1G6DP5ED5B0171368,Cadillac,CTS Sedan,2011,47800
1G6DP5ED6B0137388,Cadillac,CTS Sedan,2011,47800
1G6DP5ED6B0139223,Cadillac,CTS Sedan,2011,47800
1G6DP5ED7B0142843,Cadillac,CTS Sedan,2011,47800
1G6DP5ED7B0158881,Cadillac,CTS Sedan,2011,47800
1G6DP5ED7B0160548,Cadillac,CTS Sedan,2011,47800
1G6DP5ED9B0115983,Cadillac,CTS Sedan,2011,47800
1G6DP5ED9B0153987,Cadillac,CTS Sedan,2011,47800
1G6DP5ED9B0166612,Cadillac,CTS Sedan,2011,47800
1G6DP5EDXB0127074,Cadillac,CTS Sedan,2011,47800
1G6DP5EDXB0129813,Cadillac,CTS Sedan,2011,47800
1G6DP5EDXB0136339,Cadillac,CTS Sedan,2011,47800
1G6DP5EDXB0145039,Cadillac,CTS Sedan,2011,47800
1G6DP5EDXB0147339,Cadillac,CTS Sedan,2011,47800
1G6DP5EV0A0128595,Cadillac,CTS Sedan,2010,46865
1G6DP5EV3A0150395,Cadillac,CTS Sedan,2010,46865
1G6DP5EV4A0111914,Cadillac,CTS Sedan,2010,46865
1G6DP5EV7A0114788,Cadillac,CTS Sedan,2010,46865
1G6DP5EV9A0126330,Cadillac,CTS Sedan,2010,46865
1G6DP5EV9A0133343,Cadillac,CTS Sedan,2010,46865
1G6DP8E37D0162246,Cadillac,CTS Wagon,2013,49750
1G6DP8E39D0147151,Cadillac,CTS Wagon,2013,49750
1G6DP8EV1A0149702,Cadillac,CTS Wagon,2010,48665
1G6DP8EV3A0101327,Cadillac,CTS Wagon,2010,48665
1G6DP8EV4A0106472,Cadillac,CTS Wagon,2010,48665
1G6DP8EV8A0136963,Cadillac,CTS Wagon,2010,48665
1G6DR57V080163963,Cadillac,CTS,2008,35975
1G6DR57V180215214,Cadillac,CTS,2008,35975
1G6DR57V380173497,Cadillac,CTS,2008,35975
1G6DR57V480137723,Cadillac,CTS,2008,35975
1G6DR57V480177834,Cadillac,CTS,2008,35975
1G6DR57V580183772,Cadillac,CTS,2008,35975
1G6DR57V980167817,Cadillac,CTS,2008,35975
1G6DR57VX80140822,Cadillac,CTS,2008,35975
1G6DR57VX80184030,Cadillac,CTS,2008,35975
1G6DR57VX80212893,Cadillac,CTS,2008,35975
1G6DS1E30C0108470,Cadillac,CTS Coupe,2012,50050
1G6DS1E30C0110509,Cadillac,CTS Coupe,2012,50050
1G6DS1E30C0121039,Cadillac,CTS Coupe,2012,50050
1G6DS1E30C0122840,Cadillac,CTS Coupe,2012,50050
1G6DS1E30C0124362,Cadillac,CTS Coupe,2012,50050
1G6DS1E30C0126130,Cadillac,CTS Coupe,2012,50050
1G6DS1E30C0127276,Cadillac,CTS Coupe,2012,50050
1G6DS1E30C0131344,Cadillac,CTS Coupe,2012,50050
1G6DS1E30C0133188,Cadillac,CTS Coupe,2012,50050
1G6DS1E30C0151805,Cadillac,CTS Coupe,2012,50050
1G6DS1E30C0155725,Cadillac,CTS Coupe,2012,50050
1G6DS1E30D0108891,Cadillac,CTS Coupe,2013,45490
1G6DS1E30D0109653,Cadillac,CTS Coupe,2013,50050
1G6DS1E30D0110270,Cadillac,CTS Coupe,2013,50050
1G6DS1E30D0114447,Cadillac,CTS Coupe,2013,50050
1G6DS1E30D0125237,Cadillac,CTS Coupe,2013,50050
1G6DS1E30D0137078,Cadillac,CTS Coupe,2013,50050
1G6DS1E30D0165687,Cadillac,CTS Coupe,2013,50050
1G6DS1E30D0168010,Cadillac,CTS Coupe,2013,50050
1G6DS1E31C0102032,Cadillac,CTS Coupe,2012,50050
1G6DS1E31C0102077,Cadillac,CTS Coupe,2012,50050
1G6DS1E31C0104914,Cadillac,CTS Coupe,2012,50050
1G6DS1E31C0108736,Cadillac,CTS Coupe,2012,50050
1G6DS1E31C0109305,Cadillac,CTS Coupe,2012,50050
1G6DS1E31C0110020,Cadillac,CTS Coupe,2012,50050
1G6DS1E31C0117985,Cadillac,CTS Coupe,2012,50050
1G6DS1E31C0119526,Cadillac,CTS Coupe,2012,50050
1G6DS1E31C0122801,Cadillac,CTS Coupe,2012,50050
1G6DS1E31C0122958,Cadillac,CTS Coupe,2012,50050
1G6DS1E31C0123866,Cadillac,CTS Coupe,2012,50050
1G6DS1E31C0125276,Cadillac,CTS Coupe,2012,50050
1G6DS1E31C0125844,Cadillac,CTS Coupe,2012,50050
1G6DS1E31C0129232,Cadillac,CTS Coupe,2012,50050
1G6DS1E31C0141204,Cadillac,CTS Coupe,2012,50050
1G6DS1E31C0144586,Cadillac,CTS Coupe,2012,50050
1G6DS1E31C0155720,Cadillac,CTS Coupe,2012,44840
1G6DS1E31D0101576,Cadillac,CTS Coupe,2013,50050
1G6DS1E31D0109645,Cadillac,CTS Coupe,2013,50050
1G6DS1E31D0114926,Cadillac,CTS Coupe,2013,50050
1G6DS1E31D0121620,Cadillac,CTS Coupe,2013,50050
1G6DS1E31D0130303,Cadillac,CTS Coupe,2013,50050
1G6DS1E31D0136375,Cadillac,CTS Coupe,2013,50050
1G6DS1E31D0141592,Cadillac,CTS Coupe,2013,50050
1G6DS1E31D0144489,Cadillac,CTS Coupe,2013,50050
1G6DS1E31D0168338,Cadillac,CTS Coupe,2013,50050
1G6DS1E32C0102167,Cadillac,CTS Coupe,2012,50050
1G6DS1E32C0103660,Cadillac,CTS Coupe,2012,50050
1G6DS1E32C0104243,Cadillac,CTS Coupe,2012,50050
1G6DS1E32C0105022,Cadillac,CTS Coupe,2012,50050
1G6DS1E32C0122113,Cadillac,CTS Coupe,2012,50050
1G6DS1E32C0125089,Cadillac,CTS Coupe,2012,50050
1G6DS1E32C0127621,Cadillac,CTS Coupe,2012,50050
1G6DS1E32C0133080,Cadillac,CTS Coupe,2012,50050
1G6DS1E32C0140594,Cadillac,CTS Coupe,2012,50050
1G6DS1E32C0142314,Cadillac,CTS Coupe,2012,50050
1G6DS1E32C0148341,Cadillac,CTS Coupe,2012,50050
1G6DS1E32C0149196,Cadillac,CTS Coupe,2012,50050
1G6DS1E32D0101036,Cadillac,CTS Coupe,2013,50050
1G6DS1E32D0101246,Cadillac,CTS Coupe,2013,50050
1G6DS1E32D0103935,Cadillac,CTS Coupe,2013,50050
1G6DS1E32D0104387,Cadillac,CTS Coupe,2013,50050
1G6DS1E32D0111033,Cadillac,CTS Coupe,2013,50050
1G6DS1E32D0111985,Cadillac,CTS Coupe,2013,50050
1G6DS1E32D0126762,Cadillac,CTS Coupe,2013,50050
1G6DS1E32D0130052,Cadillac,CTS Coupe,2013,50050
1G6DS1E32D0155839,Cadillac,CTS Coupe,2013,45490
1G6DS1E32D0163682,Cadillac,CTS Coupe,2013,50050
1G6DS1E33C0100251,Cadillac,CTS Coupe,2012,50050
1G6DS1E33C0101030,Cadillac,CTS Coupe,2012,50050
1G6DS1E33C0102209,Cadillac,CTS Coupe,2012,50050
1G6DS1E33C0108124,Cadillac,CTS Coupe,2012,50050
1G6DS1E33C0110357,Cadillac,CTS Coupe,2012,50050
1G6DS1E33C0110360,Cadillac,CTS Coupe,2012,50050
1G6DS1E33C0112559,Cadillac,CTS Coupe,2012,50050
1G6DS1E33C0121553,Cadillac,CTS Coupe,2012,50050
1G6DS1E33C0125201,Cadillac,CTS Coupe,2012,50050
1G6DS1E33C0137431,Cadillac,CTS Coupe,2012,50050
1G6DS1E33C0137770,Cadillac,CTS Coupe,2012,50050
1G6DS1E33C0139650,Cadillac,CTS Coupe,2012,50050
1G6DS1E33C0140572,Cadillac,CTS Coupe,2012,44840
1G6DS1E33C0150051,Cadillac,CTS Coupe,2012,50050
1G6DS1E33D0105452,Cadillac,CTS Coupe,2013,50050
1G6DS1E33D0109551,Cadillac,CTS Coupe,2013,50050
1G6DS1E33D0110635,Cadillac,CTS Coupe,2013,50050
1G6DS1E33D0119402,Cadillac,CTS Coupe,2013,50050
1G6DS1E33D0119805,Cadillac,CTS Coupe,2013,50050
1G6DS1E33D0124924,Cadillac,CTS Coupe,2013,50050
1G6DS1E33D0133770,Cadillac,CTS Coupe,2013,50050
1G6DS1E33D0146681,Cadillac,CTS Coupe,2013,50050
1G6DS1E33D0163075,Cadillac,CTS Coupe,2013,50050
1G6DS1E33D0163318,Cadillac,CTS Coupe,2013,50050
1G6DS1E33D0175114,Cadillac,CTS Coupe,2013,50050
1G6DS1E33D0176764,Cadillac,CTS Coupe,2013,50050
1G6DS1E33D0176974,Cadillac,CTS Coupe,2013,50050
1G6DS1E34C0104034,Cadillac,CTS Coupe,2012,50050
1G6DS1E34C0105832,Cadillac,CTS Coupe,2012,50050
1G6DS1E34C0107175,Cadillac,CTS Coupe,2012,50050
1G6DS1E34C0109220,Cadillac,CTS Coupe,2012,50050
1G6DS1E34C0109931,Cadillac,CTS Coupe,2012,50050
1G6DS1E34C0119519,Cadillac,CTS Coupe,2012,50050
1G6DS1E34C0122288,Cadillac,CTS Coupe,2012,50050
1G6DS1E34C0125403,Cadillac,CTS Coupe,2012,50050
1G6DS1E34C0130150,Cadillac,CTS Coupe,2012,50050
1G6DS1E34C0131718,Cadillac,CTS Coupe,2012,50050
1G6DS1E34C0137339,Cadillac,CTS Coupe,2012,50050
1G6DS1E34C0142542,Cadillac,CTS Coupe,2012,50050
1G6DS1E34C0146252,Cadillac,CTS Coupe,2012,50050
1G6DS1E34C0147899,Cadillac,CTS Coupe,2012,50050
1G6DS1E34C0150883,Cadillac,CTS Coupe,2012,50050
1G6DS1E34C0157509,Cadillac,CTS Coupe,2012,50050
1G6DS1E34C0158577,Cadillac,CTS Coupe,2012,50050
1G6DS1E34D0103726,Cadillac,CTS Coupe,2013,50050
1G6DS1E34D0104665,Cadillac,CTS Coupe,2013,50050
1G6DS1E34D0110451,Cadillac,CTS Coupe,2013,50050
1G6DS1E34D0110904,Cadillac,CTS Coupe,2013,50050
1G6DS1E34D0112412,Cadillac,CTS Coupe,2013,50050
1G6DS1E34D0112653,Cadillac,CTS Coupe,2013,50050
1G6DS1E34D0114533,Cadillac,CTS Coupe,2013,50050
1G6DS1E34D0122342,Cadillac,CTS Coupe,2013,50050
1G6DS1E34D0128772,Cadillac,CTS Coupe,2013,50050
1G6DS1E34D0171198,Cadillac,CTS Coupe,2013,50050
1G6DS1E35C0101000,Cadillac,CTS Coupe,2012,50050
1G6DS1E35C0101482,Cadillac,CTS Coupe,2012,50050
1G6DS1E35C0101904,Cadillac,CTS Coupe,2012,50050
1G6DS1E35C0104639,Cadillac,CTS Coupe,2012,50050
1G6DS1E35C0105743,Cadillac,CTS Coupe,2012,50050
1G6DS1E35C0106407,Cadillac,CTS Coupe,2012,50050
1G6DS1E35C0107685,Cadillac,CTS Coupe,2012,50050
1G6DS1E35C0110635,Cadillac,CTS Coupe,2012,50050
1G6DS1E35C0117553,Cadillac,CTS Coupe,2012,50050
1G6DS1E35C0122400,Cadillac,CTS Coupe,2012,50050
1G6DS1E35C0123627,Cadillac,CTS Coupe,2012,50050
1G6DS1E35C0125720,Cadillac,CTS Coupe,2012,50050
1G6DS1E35C0128827,Cadillac,CTS Coupe,2012,50050
1G6DS1E35C0133848,Cadillac,CTS Coupe,2012,50050
1G6DS1E35C0148477,Cadillac,CTS Coupe,2012,50050
1G6DS1E35D0102911,Cadillac,CTS Coupe,2013,50050
1G6DS1E35D0103816,Cadillac,CTS Coupe,2013,50050
1G6DS1E35D0109079,Cadillac,CTS Coupe,2013,50050
1G6DS1E35D0111611,Cadillac,CTS Coupe,2013,45490
1G6DS1E35D0121927,Cadillac,CTS Coupe,2013,50050
1G6DS1E35D0144687,Cadillac,CTS Coupe,2013,50050
1G6DS1E35D0152336,Cadillac,CTS Coupe,2013,50050
1G6DS1E35D0163062,Cadillac,CTS Coupe,2013,50050
1G6DS1E35D0169475,Cadillac,CTS Coupe,2013,50050
1G6DS1E36C0104603,Cadillac,CTS Coupe,2012,50050
1G6DS1E36C0105492,Cadillac,CTS Coupe,2012,50050
1G6DS1E36C0107954,Cadillac,CTS Coupe,2012,50050
1G6DS1E36C0115732,Cadillac,CTS Coupe,2012,50050
1G6DS1E36C0120946,Cadillac,CTS Coupe,2012,50050
1G6DS1E36C0122227,Cadillac,CTS Coupe,2012,50050
1G6DS1E36C0123930,Cadillac,CTS Coupe,2012,50050
1G6DS1E36C0131798,Cadillac,CTS Coupe,2012,50050
1G6DS1E36C0141683,Cadillac,CTS Coupe,2012,50050
1G6DS1E36C0150190,Cadillac,CTS Coupe,2012,50050
1G6DS1E36D0101475,Cadillac,CTS Coupe,2013,50050
1G6DS1E36D0104084,Cadillac,CTS Coupe,2013,50050
1G6DS1E36D0106997,Cadillac,CTS Coupe,2013,50050
1G6DS1E36D0109379,Cadillac,CTS Coupe,2013,50050
1G6DS1E36D0115182,Cadillac,CTS Coupe,2013,50050
1G6DS1E36D0119426,Cadillac,CTS Coupe,2013,50050
1G6DS1E36D0124089,Cadillac,CTS Coupe,2013,50050
1G6DS1E36D0127106,Cadillac,CTS Coupe,2013,50050
1G6DS1E36D0150479,Cadillac,CTS Coupe,2013,50050
1G6DS1E36D0159117,Cadillac,CTS Coupe,2013,50050
1G6DS1E36D0167525,Cadillac,CTS Coupe,2013,50050
1G6DS1E36D0174233,Cadillac,CTS Coupe,2013,50050
1G6DS1E37C0104822,Cadillac,CTS Coupe,2012,50050
1G6DS1E37C0105811,Cadillac,CTS Coupe,2012,50050
1G6DS1E37C0111804,Cadillac,CTS Coupe,2012,44840
1G6DS1E37C0120230,Cadillac,CTS Coupe,2012,50050
1G6DS1E37C0121717,Cadillac,CTS Coupe,2012,50050
1G6DS1E37C0127288,Cadillac,CTS Coupe,2012,50050
1G6DS1E37C0129090,Cadillac,CTS Coupe,2012,50050
1G6DS1E37C0132958,Cadillac,CTS Coupe,2012,50050
1G6DS1E37C0136623,Cadillac,CTS Coupe,2012,50050
1G6DS1E37D0117927,Cadillac,CTS Coupe,2013,50050
1G6DS1E37D0143024,Cadillac,CTS Coupe,2013,50050
1G6DS1E37D0149647,Cadillac,CTS Coupe,2013,50050
1G6DS1E37D0156629,Cadillac,CTS Coupe,2013,50050
1G6DS1E37D0166657,Cadillac,CTS Coupe,2013,50050
1G6DS1E38C0100536,Cadillac,CTS Coupe,2012,50050
1G6DS1E38C0102500,Cadillac,CTS Coupe,2012,50050
1G6DS1E38C0103159,Cadillac,CTS Coupe,2012,44840
1G6DS1E38C0103162,Cadillac,CTS Coupe,2012,50050
1G6DS1E38C0104358,Cadillac,CTS Coupe,2012,50050
1G6DS1E38C0109074,Cadillac,CTS Coupe,2012,50050
1G6DS1E38C0110046,Cadillac,CTS Coupe,2012,50050
1G6DS1E38C0119328,Cadillac,CTS Coupe,2012,50050
1G6DS1E38C0119961,Cadillac,CTS Coupe,2012,50050
1G6DS1E38C0122276,Cadillac,CTS Coupe,2012,50050
1G6DS1E38C0123136,Cadillac,CTS Coupe,2012,50050
1G6DS1E38C0125999,Cadillac,CTS Coupe,2012,50050
1G6DS1E38C0130376,Cadillac,CTS Coupe,2012,50050
1G6DS1E38C0133987,Cadillac,CTS Coupe,2012,50050
1G6DS1E38C0136632,Cadillac,CTS Coupe,2012,50050
1G6DS1E38C0142091,Cadillac,CTS Coupe,2012,50050
1G6DS1E38D0105012,Cadillac,CTS Coupe,2013,50050
1G6DS1E38D0105365,Cadillac,CTS Coupe,2013,50050
1G6DS1E38D0105477,Cadillac,CTS Coupe,2013,50050
1G6DS1E38D0106550,Cadillac,CTS Coupe,2013,45490
1G6DS1E38D0108623,Cadillac,CTS Coupe,2013,50050
1G6DS1E38D0111585,Cadillac,CTS Coupe,2013,50050
1G6DS1E38D0127723,Cadillac,CTS Coupe,2013,50050
1G6DS1E38D0139578,Cadillac,CTS Coupe,2013,50050
1G6DS1E38D0151732,Cadillac,CTS Coupe,2013,50050
1G6DS1E38D0158468,Cadillac,CTS Coupe,2013,50050
1G6DS1E38D0160897,Cadillac,CTS Coupe,2013,50050
1G6DS1E39C0101226,Cadillac,CTS Coupe,2012,50050
1G6DS1E39C0102943,Cadillac,CTS Coupe,2012,50050
1G6DS1E39C0108466,Cadillac,CTS Coupe,2012,50050
1G6DS1E39C0113165,Cadillac,CTS Coupe,2012,50050
1G6DS1E39C0116602,Cadillac,CTS Coupe,2012,50050
1G6DS1E39C0116664,Cadillac,CTS Coupe,2012,50050
1G6DS1E39C0124456,Cadillac,CTS Coupe,2012,50050
1G6DS1E39C0124750,Cadillac,CTS Coupe,2012,50050
1G6DS1E39C0128278,Cadillac,CTS Coupe,2012,50050
1G6DS1E39C0131598,Cadillac,CTS Coupe,2012,50050
1G6DS1E39C0133769,Cadillac,CTS Coupe,2012,50050
1G6DS1E39C0138244,Cadillac,CTS Coupe,2012,50050
1G6DS1E39D0106220,Cadillac,CTS Coupe,2013,50050
1G6DS1E39D0108775,Cadillac,CTS Coupe,2013,50050
1G6DS1E39D0114043,Cadillac,CTS Coupe,2013,50050
1G6DS1E39D0119758,Cadillac,CTS Coupe,2013,50050
1G6DS1E39D0139024,Cadillac,CTS Coupe,2013,50050
1G6DS1E39D0149701,Cadillac,CTS Coupe,2013,50050
1G6DS1E39D0161296,Cadillac,CTS Coupe,2013,50050
1G6DS1E39D0168359,Cadillac,CTS Coupe,2013,50050
1G6DS1E39D0169561,Cadillac,CTS Coupe,2013,50050
1G6DS1E39D0172377,Cadillac,CTS Coupe,2013,50050
1G6DS1E3XC0102305,Cadillac,CTS Coupe,2012,50050
1G6DS1E3XC0102854,Cadillac,CTS Coupe,2012,50050
1G6DS1E3XC0105656,Cadillac,CTS Coupe,2012,50050
1G6DS1E3XC0107813,Cadillac,CTS Coupe,2012,50050
1G6DS1E3XC0119136,Cadillac,CTS Coupe,2012,50050
1G6DS1E3XC0120514,Cadillac,CTS Coupe,2012,50050
1G6DS1E3XC0120769,Cadillac,CTS Coupe,2012,50050
1G6DS1E3XC0127222,Cadillac,CTS Coupe,2012,50050
1G6DS1E3XC0127916,Cadillac,CTS Coupe,2012,50050
1G6DS1E3XC0128404,Cadillac,CTS Coupe,2012,50050
1G6DS1E3XC0133649,Cadillac,CTS Coupe,2012,50050
1G6DS1E3XC0157157,Cadillac,CTS Coupe,2012,50050
1G6DS1E3XC0158485,Cadillac,CTS Coupe,2012,50050
1G6DS1E3XD0104492,Cadillac,CTS Coupe,2013,50050
1G6DS1E3XD0127190,Cadillac,CTS Coupe,2013,50050
1G6DS1E3XD0129439,Cadillac,CTS Coupe,2013,50050
1G6DS1E3XD0135922,Cadillac,CTS Coupe,2013,50050
1G6DS1E3XD0142756,Cadillac,CTS Coupe,2013,50050
1G6DS1E3XD0155605,Cadillac,CTS Coupe,2013,50050
1G6DS1E3XD0163252,Cadillac,CTS Coupe,2013,50050
1G6DS1E3XD0166913,Cadillac,CTS Coupe,2013,50050
1G6DS1ED0B0113403,Cadillac,CTS Coupe,2011,49110
1G6DS1ED0B0152007,Cadillac,CTS Coupe,2011,49110
1G6DS1ED0B0160043,Cadillac,CTS Coupe,2011,49110
1G6DS1ED0B0160561,Cadillac,CTS Coupe,2011,49110
1G6DS1ED0B0163427,Cadillac,CTS Coupe,2011,49110
1G6DS1ED0B0170216,Cadillac,CTS Coupe,2011,49110
1G6DS1ED0B0171480,Cadillac,CTS Coupe,2011,49110
1G6DS1ED1B0102488,Cadillac,CTS Coupe,2011,49110
1G6DS1ED1B0107710,Cadillac,CTS Coupe,2011,49110
1G6DS1ED1B0120179,Cadillac,CTS Coupe,2011,49110
1G6DS1ED1B0121431,Cadillac,CTS Coupe,2011,49110
1G6DS1ED1B0134406,Cadillac,CTS Coupe,2011,49110
1G6DS1ED1B0153862,Cadillac,CTS Coupe,2011,49110
1G6DS1ED1B0160200,Cadillac,CTS Coupe,2011,49110
1G6DS1ED1B0162593,Cadillac,CTS Coupe,2011,49110
1G6DS1ED1B0164778,Cadillac,CTS Coupe,2011,49110
1G6DS1ED1B0166921,Cadillac,CTS Coupe,2011,49110
1G6DS1ED1B0171469,Cadillac,CTS Coupe,2011,49110
1G6DS1ED2B0133099,Cadillac,CTS Coupe,2011,49110
1G6DS1ED2B0159797,Cadillac,CTS Coupe,2011,49110
1G6DS1ED2B0162490,Cadillac,CTS Coupe,2011,49110
1G6DS1ED2B0164966,Cadillac,CTS Coupe,2011,49110
1G6DS1ED2B0171500,Cadillac,CTS Coupe,2011,49110
1G6DS1ED3B0154348,Cadillac,CTS Coupe,2011,49110
1G6DS1ED3B0154494,Cadillac,CTS Coupe,2011,49110
1G6DS1ED3B0159744,Cadillac,CTS Coupe,2011,49110
1G6DS1ED3B0164460,Cadillac,CTS Coupe,2011,49110
1G6DS1ED3B0165494,Cadillac,CTS Coupe,2011,49110
1G6DS1ED3B0170047,Cadillac,CTS Coupe,2011,49110
1G6DS1ED3B0171005,Cadillac,CTS Coupe,2011,49110
1G6DS1ED4B0163057,Cadillac,CTS Coupe,2011,49110
1G6DS1ED4B0165892,Cadillac,CTS Coupe,2011,49110
1G6DS1ED4B0167397,Cadillac,CTS Coupe,2011,49110
1G6DS1ED5B0136157,Cadillac,CTS Coupe,2011,49110
1G6DS1ED5B0138152,Cadillac,CTS Coupe,2011,49110
1G6DS1ED5B0164993,Cadillac,CTS Coupe,2011,49110
1G6DS1ED5B0167134,Cadillac,CTS Coupe,2011,49110
1G6DS1ED5B0169000,Cadillac,CTS Coupe,2011,49110
1G6DS1ED6B0153341,Cadillac,CTS Coupe,2011,49110
1G6DS1ED6B0155106,Cadillac,CTS Coupe,2011,49110
1G6DS1ED6B0157678,Cadillac,CTS Coupe,2011,49110
1G6DS1ED6B0167420,Cadillac,CTS Coupe,2011,50255
1G6DS1ED6B0169166,Cadillac,CTS Coupe,2011,49110
1G6DS1ED6B0170687,Cadillac,CTS Coupe,2011,49110
1G6DS1ED7B0121658,Cadillac,CTS Coupe,2011,49110
1G6DS1ED7B0122115,Cadillac,CTS Coupe,2011,49110
1G6DS1ED7B0125614,Cadillac,CTS Coupe,2011,49110
1G6DS1ED7B0156832,Cadillac,CTS Coupe,2011,49110
1G6DS1ED7B0160315,Cadillac,CTS Coupe,2011,49110
1G6DS1ED7B0167510,Cadillac,CTS Coupe,2011,49110
1G6DS1ED7B0168155,Cadillac,CTS Coupe,2011,49110
1G6DS1ED7B0171539,Cadillac,CTS Coupe,2011,49110
1G6DS1ED8B0132913,Cadillac,CTS Coupe,2011,49110
1G6DS1ED8B0136671,Cadillac,CTS Coupe,2011,49110
1G6DS1ED8B0152059,Cadillac,CTS Coupe,2011,49110
1G6DS1ED8B0152109,Cadillac,CTS Coupe,2011,49110
1G6DS1ED8B0157195,Cadillac,CTS Coupe,2011,49110
1G6DS1ED8B0163093,Cadillac,CTS Coupe,2011,49110
1G6DS1ED9B0111262,Cadillac,CTS Coupe,2011,49110
1G6DS1ED9B0135254,Cadillac,CTS Coupe,2011,49110
1G6DS1ED9B0158033,Cadillac,CTS Coupe,2011,49110
1G6DS1ED9B0162230,Cadillac,CTS Coupe,2011,49110
1G6DS1ED9B0168500,Cadillac,CTS Coupe,2011,49110
1G6DS1EDXB0103008,Cadillac,CTS Coupe,2011,49110
1G6DS1EDXB0137465,Cadillac,CTS Coupe,2011,49110
1G6DS1EDXB0155223,Cadillac,CTS Coupe,2011,49110
1G6DS1EDXB0158610,Cadillac,CTS Coupe,2011,49110
1G6DS1EDXB0160504,Cadillac,CTS Coupe,2011,49110
1G6DS1EDXB0161636,Cadillac,CTS Coupe,2011,49110
1G6DS1EDXB0164309,Cadillac,CTS Coupe,2011,49110
1G6DS1EDXB0165170,Cadillac,CTS Coupe,2011,49110
1G6DS1EDXB0168134,Cadillac,CTS Coupe,2011,49110
1G6DS1EDXB0170093,Cadillac,CTS Coupe,2011,49110
1G6DS1EDXB0171227,Cadillac,CTS Coupe,2011,49110
1G6DS57V080202684,Cadillac,CTS,2008,35975
1G6DS57V090165685,Cadillac,CTS,2009,40760
1G6DS57V090166075,Cadillac,CTS,2009,40760
1G6DS57V180164429,Cadillac,CTS,2008,35975
1G6DS57V190174430,Cadillac,CTS,2009,40760
1G6DS57V280149566,Cadillac,CTS,2008,35975
1G6DS57V280207627,Cadillac,CTS,2008,35975
1G6DS57V380146272,Cadillac,CTS,2008,35975
1G6DS57V380175934,Cadillac,CTS,2008,35975
1G6DS57V390109319,Cadillac,CTS,2009,40760
1G6DS57V480135801,Cadillac,CTS,2008,35975
1G6DS57V480156602,Cadillac,CTS,2008,35975
1G6DS57V490131121,Cadillac,CTS,2009,40760
1G6DS57V490135735,Cadillac,CTS,2009,40760
1G6DS57V590103487,Cadillac,CTS,2009,40760
1G6DS57V590122833,Cadillac,CTS,2009,40760
1G6DS57V680144564,Cadillac,CTS,2008,35975
1G6DS57V680156116,Cadillac,CTS,2008,35975
1G6DS57V680202382,Cadillac,CTS,2008,35975
1G6DS57V780178769,Cadillac,CTS,2008,35975
1G6DS57V790117441,Cadillac,CTS,2009,40760
1G6DS57V790126530,Cadillac,CTS,2009,40760
1G6DS57V790144509,Cadillac,CTS,2009,40760
1G6DS57V790152934,Cadillac,CTS,2009,40760
1G6DS57V790154232,Cadillac,CTS,2009,40760
1G6DS57V790163495,Cadillac,CTS,2009,40760
1G6DS57V880131993,Cadillac,CTS,2008,35975
1G6DS57V880138281,Cadillac,CTS,2008,35975
1G6DS57V880160975,Cadillac,CTS,2008,35975
1G6DS57V890110921,Cadillac,CTS,2009,40760
1G6DS57V890126195,Cadillac,CTS,2009,40760
1G6DS57V990122334,Cadillac,CTS,2009,40760
1G6DS57V990135715,Cadillac,CTS,2009,40760
1G6DS57V990147511,Cadillac,CTS,2009,40760
1G6DS57VX90168464,Cadillac,CTS,2009,40760
1G6DS5E30C0111361,Cadillac,CTS Sedan,2012,50190
1G6DS5E30C0113241,Cadillac,CTS Sedan,2012,50190
1G6DS5E30C0114566,Cadillac,CTS Sedan,2012,50190
1G6DS5E30C0122179,Cadillac,CTS Sedan,2012,50190
1G6DS5E30C0136728,Cadillac,CTS Sedan,2012,50190
1G6DS5E30C0140004,Cadillac,CTS Sedan,2012,50190
1G6DS5E30C0145509,Cadillac,CTS Sedan,2012,50190
1G6DS5E30C0149673,Cadillac,CTS Sedan,2012,50190
1G6DS5E30C0150922,Cadillac,CTS Sedan,2012,50190
1G6DS5E30C0154324,Cadillac,CTS Sedan,2012,50190
1G6DS5E30C0158616,Cadillac,CTS Sedan,2012,50190
1G6DS5E30D0101849,Cadillac,CTS Sedan,2013,50190
1G6DS5E30D0104427,Cadillac,CTS Sedan,2013,50190
1G6DS5E30D0113368,Cadillac,CTS Sedan,2013,50190
1G6DS5E30D0116688,Cadillac,CTS Sedan,2013,50190
1G6DS5E30D0117632,Cadillac,CTS Sedan,2013,50190
1G6DS5E30D0119638,Cadillac,CTS Sedan,2013,53800
1G6DS5E30D0128484,Cadillac,CTS Sedan,2013,50190
1G6DS5E30D0129540,Cadillac,CTS Sedan,2013,50190
1G6DS5E30D0135984,Cadillac,CTS Sedan,2013,50190
1G6DS5E30D0142403,Cadillac,CTS Sedan,2013,50190
1G6DS5E30D0162117,Cadillac,CTS Sedan,2013,50190
1G6DS5E30D0174722,Cadillac,CTS Sedan,2013,50190
1G6DS5E31C0101910,Cadillac,CTS Sedan,2012,50190
1G6DS5E31C0102619,Cadillac,CTS Sedan,2012,50190
1G6DS5E31C0102877,Cadillac,CTS Sedan,2012,50190
1G6DS5E31C0105813,Cadillac,CTS Sedan,2012,50190
1G6DS5E31C0106847,Cadillac,CTS Sedan,2012,50190
1G6DS5E31C0107562,Cadillac,CTS Sedan,2012,50190
1G6DS5E31C0107626,Cadillac,CTS Sedan,2012,50190
1G6DS5E31C0110610,Cadillac,CTS Sedan,2012,50190
1G6DS5E31C0116939,Cadillac,CTS Sedan,2012,50190
1G6DS5E31C0121400,Cadillac,CTS Sedan,2012,50190
1G6DS5E31C0126239,Cadillac,CTS Sedan,2012,50190
1G6DS5E31C0133577,Cadillac,CTS Sedan,2012,50190
1G6DS5E31C0137371,Cadillac,CTS Sedan,2012,50190
1G6DS5E31C0150167,Cadillac,CTS Sedan,2012,50190
1G6DS5E31D0104291,Cadillac,CTS Sedan,2013,50190
1G6DS5E31D0104467,Cadillac,CTS Sedan,2013,53800
1G6DS5E31D0105294,Cadillac,CTS Sedan,2013,50190
1G6DS5E31D0109989,Cadillac,CTS Sedan,2013,50190
1G6DS5E31D0115100,Cadillac,CTS Sedan,2013,50190
1G6DS5E31D0117073,Cadillac,CTS Sedan,2013,50190
1G6DS5E31D0127070,Cadillac,CTS Sedan,2013,50190
1G6DS5E31D0142104,Cadillac,CTS Sedan,2013,50190
1G6DS5E31D0161204,Cadillac,CTS Sedan,2013,50190
1G6DS5E31D0162336,Cadillac,CTS Sedan,2013,50190
1G6DS5E31D0171294,Cadillac,CTS Sedan,2013,50190
1G6DS5E32C0103259,Cadillac,CTS Sedan,2012,50190
1G6DS5E32C0105173,Cadillac,CTS Sedan,2012,50190
1G6DS5E32C0111510,Cadillac,CTS Sedan,2012,50190
1G6DS5E32C0116061,Cadillac,CTS Sedan,2012,50190
1G6DS5E32C0133233,Cadillac,CTS Sedan,2012,50190
1G6DS5E32C0133930,Cadillac,CTS Sedan,2012,50190
1G6DS5E32C0138304,Cadillac,CTS Sedan,2012,50190
1G6DS5E32C0148587,Cadillac,CTS Sedan,2012,50190
1G6DS5E32C0156155,Cadillac,CTS Sedan,2012,50190
1G6DS5E32C0158665,Cadillac,CTS Sedan,2012,50190
1G6DS5E32D0106616,Cadillac,CTS Sedan,2013,50190
1G6DS5E32D0107264,Cadillac,CTS Sedan,2013,50190
1G6DS5E32D0142936,Cadillac,CTS Sedan,2013,50190
1G6DS5E33C0101570,Cadillac,CTS Sedan,2012,50190
1G6DS5E33C0102802,Cadillac,CTS Sedan,2012,50190
1G6DS5E33C0106297,Cadillac,CTS Sedan,2012,50190
1G6DS5E33C0106588,Cadillac,CTS Sedan,2012,50190
1G6DS5E33C0106865,Cadillac,CTS Sedan,2012,50190
1G6DS5E33C0110026,Cadillac,CTS Sedan,2012,50190
1G6DS5E33C0113265,Cadillac,CTS Sedan,2012,50190
1G6DS5E33C0119129,Cadillac,CTS Sedan,2012,50190
1G6DS5E33C0121687,Cadillac,CTS Sedan,2012,50190
1G6DS5E33C0123228,Cadillac,CTS Sedan,2012,50190
1G6DS5E33C0123505,Cadillac,CTS Sedan,2012,50190
1G6DS5E33C0125254,Cadillac,CTS Sedan,2012,50190
1G6DS5E33C0126839,Cadillac,CTS Sedan,2012,50190
1G6DS5E33C0127103,Cadillac,CTS Sedan,2012,50190
1G6DS5E33C0128624,Cadillac,CTS Sedan,2012,50190
1G6DS5E33C0129126,Cadillac,CTS Sedan,2012,50190
1G6DS5E33C0145326,Cadillac,CTS Sedan,2012,50190
1G6DS5E33C0150882,Cadillac,CTS Sedan,2012,50190
1G6DS5E33C0153104,Cadillac,CTS Sedan,2012,50190
1G6DS5E33C0153166,Cadillac,CTS Sedan,2012,50190
1G6DS5E33D0100579,Cadillac,CTS Sedan,2013,50190
1G6DS5E33D0102851,Cadillac,CTS Sedan,2013,50190
1G6DS5E33D0109654,Cadillac,CTS Sedan,2013,50190
1G6DS5E33D0111047,Cadillac,CTS Sedan,2013,50190
1G6DS5E33D0113946,Cadillac,CTS Sedan,2013,50190
1G6DS5E33D0123490,Cadillac,CTS Sedan,2013,53800
1G6DS5E33D0135980,Cadillac,CTS Sedan,2013,50190
1G6DS5E33D0157056,Cadillac,CTS Sedan,2013,50190
1G6DS5E33D0168560,Cadillac,CTS Sedan,2013,50190
1G6DS5E33D0179686,Cadillac,CTS Sedan,2013,50190
1G6DS5E34C0101173,Cadillac,CTS Sedan,2012,50190
1G6DS5E34C0101979,Cadillac,CTS Sedan,2012,50190
1G6DS5E34C0102081,Cadillac,CTS Sedan,2012,50190
1G6DS5E34C0110505,Cadillac,CTS Sedan,2012,50190
1G6DS5E34C0112478,Cadillac,CTS Sedan,2012,50190
1G6DS5E34C0113971,Cadillac,CTS Sedan,2012,50190
1G6DS5E34C0114084,Cadillac,CTS Sedan,2012,50190
1G6DS5E34C0115817,Cadillac,CTS Sedan,2012,50190
1G6DS5E34C0115879,Cadillac,CTS Sedan,2012,50190
1G6DS5E34C0127076,Cadillac,CTS Sedan,2012,50190
1G6DS5E34C0130026,Cadillac,CTS Sedan,2012,50190
1G6DS5E34C0130558,Cadillac,CTS Sedan,2012,50190
1G6DS5E34C0133492,Cadillac,CTS Sedan,2012,50190
1G6DS5E34C0137056,Cadillac,CTS Sedan,2012,50190
1G6DS5E34C0141284,Cadillac,CTS Sedan,2012,50190
1G6DS5E34C0154956,Cadillac,CTS Sedan,2012,50190
1G6DS5E34D0100848,Cadillac,CTS Sedan,2013,50190
1G6DS5E34D0102177,Cadillac,CTS Sedan,2013,50190
1G6DS5E34D0102549,Cadillac,CTS Sedan,2013,50190
1G6DS5E34D0103071,Cadillac,CTS Sedan,2013,50190
1G6DS5E34D0104821,Cadillac,CTS Sedan,2013,50190
1G6DS5E34D0109310,Cadillac,CTS Sedan,2013,50190
1G6DS5E34D0112675,Cadillac,CTS Sedan,2013,50190
1G6DS5E34D0114510,Cadillac,CTS Sedan,2013,50190
1G6DS5E34D0118699,Cadillac,CTS Sedan,2013,50190
1G6DS5E34D0141660,Cadillac,CTS Sedan,2013,50190
1G6DS5E35C0104812,Cadillac,CTS Sedan,2012,50190
1G6DS5E35C0105930,Cadillac,CTS Sedan,2012,50190
1G6DS5E35C0114465,Cadillac,CTS Sedan,2012,50190
1G6DS5E35C0120346,Cadillac,CTS Sedan,2012,50190
1G6DS5E35C0120976,Cadillac,CTS Sedan,2012,50190
1G6DS5E35C0121903,Cadillac,CTS Sedan,2012,50190
1G6DS5E35C0122744,Cadillac,CTS Sedan,2012,50190
1G6DS5E35C0124137,Cadillac,CTS Sedan,2012,50190
1G6DS5E35C0135929,Cadillac,CTS Sedan,2012,50190
1G6DS5E35C0145697,Cadillac,CTS Sedan,2012,52065
1G6DS5E35C0158935,Cadillac,CTS Sedan,2012,50190
1G6DS5E35D0104343,Cadillac,CTS Sedan,2013,50190
1G6DS5E35D0112572,Cadillac,CTS Sedan,2013,50190
1G6DS5E35D0120896,Cadillac,CTS Sedan,2013,50190
1G6DS5E35D0122745,Cadillac,CTS Sedan,2013,50190
1G6DS5E35D0144521,Cadillac,CTS Sedan,2013,50190
1G6DS5E35D0159486,Cadillac,CTS Sedan,2013,50190
1G6DS5E35D0159763,Cadillac,CTS Sedan,2013,50190
1G6DS5E36C0100588,Cadillac,CTS Sedan,2012,50190
1G6DS5E36C0101319,Cadillac,CTS Sedan,2012,50190
1G6DS5E36C0105287,Cadillac,CTS Sedan,2012,50190
1G6DS5E36C0107475,Cadillac,CTS Sedan,2012,50190
1G6DS5E36C0111901,Cadillac,CTS Sedan,2012,50190
1G6DS5E36C0114099,Cadillac,CTS Sedan,2012,50190
1G6DS5E36C0118900,Cadillac,CTS Sedan,2012,50190
1G6DS5E36C0125328,Cadillac,CTS Sedan,2012,50190
1G6DS5E36C0125846,Cadillac,CTS Sedan,2012,50190
1G6DS5E36C0129542,Cadillac,CTS Sedan,2012,50190
1G6DS5E36C0132845,Cadillac,CTS Sedan,2012,52065
1G6DS5E36C0136409,Cadillac,CTS Sedan,2012,50190
1G6DS5E36C0157082,Cadillac,CTS Sedan,2012,50190
1G6DS5E36D0101547,Cadillac,CTS Sedan,2013,50190
1G6DS5E36D0109597,Cadillac,CTS Sedan,2013,50190
1G6DS5E36D0114671,Cadillac,CTS Sedan,2013,50190
1G6DS5E36D0118980,Cadillac,CTS Sedan,2013,50190
1G6DS5E36D0119546,Cadillac,CTS Sedan,2013,50190
1G6DS5E36D0159870,Cadillac,CTS Sedan,2013,50190
1G6DS5E36D0178094,Cadillac,CTS Sedan,2013,50190
1G6DS5E37C0103581,Cadillac,CTS Sedan,2012,50190
1G6DS5E37C0104066,Cadillac,CTS Sedan,2012,50190
1G6DS5E37C0106433,Cadillac,CTS Sedan,2012,50190
1G6DS5E37C0111695,Cadillac,CTS Sedan,2012,50190
1G6DS5E37C0111759,Cadillac,CTS Sedan,2012,50190
1G6DS5E37C0112054,Cadillac,CTS Sedan,2012,50190
1G6DS5E37C0112426,Cadillac,CTS Sedan,2012,50190
1G6DS5E37C0114029,Cadillac,CTS Sedan,2012,50190
1G6DS5E37C0116623,Cadillac,CTS Sedan,2012,50190
1G6DS5E37C0120204,Cadillac,CTS Sedan,2012,50190
1G6DS5E37C0123460,Cadillac,CTS Sedan,2012,50190
1G6DS5E37C0125161,Cadillac,CTS Sedan,2012,50190
1G6DS5E37C0127248,Cadillac,CTS Sedan,2012,50190
1G6DS5E37C0137813,Cadillac,CTS Sedan,2012,50190
1G6DS5E37C0138945,Cadillac,CTS Sedan,2012,50190
1G6DS5E37C0139108,Cadillac,CTS Sedan,2012,50190
1G6DS5E37C0142056,Cadillac,CTS Sedan,2012,50190
1G6DS5E37C0146186,Cadillac,CTS Sedan,2012,50190
1G6DS5E37C0151470,Cadillac,CTS Sedan,2012,50190
1G6DS5E37D0117305,Cadillac,CTS Sedan,2013,50190
1G6DS5E37D0141796,Cadillac,CTS Sedan,2013,50190
1G6DS5E37D0146738,Cadillac,CTS Sedan,2013,50190
1G6DS5E37D0150482,Cadillac,CTS Sedan,2013,50190
1G6DS5E38C0102133,Cadillac,CTS Sedan,2012,50190
1G6DS5E38C0108644,Cadillac,CTS Sedan,2012,50190
1G6DS5E38C0112242,Cadillac,CTS Sedan,2012,50190
1G6DS5E38C0113925,Cadillac,CTS Sedan,2012,50190
1G6DS5E38C0123628,Cadillac,CTS Sedan,2012,50190
1G6DS5E38C0127307,Cadillac,CTS Sedan,2012,50190
1G6DS5E38C0135620,Cadillac,CTS Sedan,2012,50190
1G6DS5E38C0153602,Cadillac,CTS Sedan,2012,50190
1G6DS5E38D0104708,Cadillac,CTS Sedan,2013,50190
1G6DS5E38D0112498,Cadillac,CTS Sedan,2013,50190
1G6DS5E38D0121766,Cadillac,CTS Sedan,2013,50190
1G6DS5E38D0171406,Cadillac,CTS Sedan,2013,50190
1G6DS5E38D0179652,Cadillac,CTS Sedan,2013,50190
1G6DS5E39C0101590,Cadillac,CTS Sedan,2012,50190
1G6DS5E39C0102349,Cadillac,CTS Sedan,2012,50190
1G6DS5E39C0108135,Cadillac,CTS Sedan,2012,50190
1G6DS5E39C0112637,Cadillac,CTS Sedan,2012,50190
1G6DS5E39C0116963,Cadillac,CTS Sedan,2012,50190
1G6DS5E39C0119586,Cadillac,CTS Sedan,2012,50190
1G6DS5E39C0124982,Cadillac,CTS Sedan,2012,50190
1G6DS5E39C0132905,Cadillac,CTS Sedan,2012,50190
1G6DS5E39C0148490,Cadillac,CTS Sedan,2012,50190
1G6DS5E39C0151860,Cadillac,CTS Sedan,2012,50190
1G6DS5E39D0101462,Cadillac,CTS Sedan,2013,53800
1G6DS5E39D0102126,Cadillac,CTS Sedan,2013,50190
1G6DS5E39D0102367,Cadillac,CTS Sedan,2013,53800
1G6DS5E39D0107584,Cadillac,CTS Sedan,2013,50190
1G6DS5E39D0114650,Cadillac,CTS Sedan,2013,50190
1G6DS5E39D0116348,Cadillac,CTS Sedan,2013,53800
1G6DS5E39D0120545,Cadillac,CTS Sedan,2013,50190
1G6DS5E39D0123977,Cadillac,CTS Sedan,2013,50190
1G6DS5E39D0133957,Cadillac,CTS Sedan,2013,53800
1G6DS5E39D0137118,Cadillac,CTS Sedan,2013,50190
1G6DS5E39D0141279,Cadillac,CTS Sedan,2013,50190
1G6DS5E39D0164416,Cadillac,CTS Sedan,2013,50190
1G6DS5E39D0172516,Cadillac,CTS Sedan,2013,50190
1G6DS5E39D0177280,Cadillac,CTS Sedan,2013,50190
1G6DS5E3XC0101310,Cadillac,CTS Sedan,2012,50190
1G6DS5E3XC0101484,Cadillac,CTS Sedan,2012,50190
1G6DS5E3XC0101999,Cadillac,CTS Sedan,2012,50190
1G6DS5E3XC0107186,Cadillac,CTS Sedan,2012,52065
1G6DS5E3XC0111464,Cadillac,CTS Sedan,2012,50190
1G6DS5E3XC0111609,Cadillac,CTS Sedan,2012,50190
1G6DS5E3XC0112047,Cadillac,CTS Sedan,2012,50190
1G6DS5E3XC0112484,Cadillac,CTS Sedan,2012,50190
1G6DS5E3XC0112680,Cadillac,CTS Sedan,2012,50190
1G6DS5E3XC0113294,Cadillac,CTS Sedan,2012,50190
1G6DS5E3XC0116826,Cadillac,CTS Sedan,2012,50190
1G6DS5E3XC0119354,Cadillac,CTS Sedan,2012,50190
1G6DS5E3XC0121346,Cadillac,CTS Sedan,2012,50190
1G6DS5E3XC0132461,Cadillac,CTS Sedan,2012,50190
1G6DS5E3XC0136641,Cadillac,CTS Sedan,2012,50190
1G6DS5E3XC0155271,Cadillac,CTS Sedan,2012,52065
1G6DS5E3XC0157327,Cadillac,CTS Sedan,2012,50190
1G6DS5E3XD0100840,Cadillac,CTS Sedan,2013,50190
1G6DS5E3XD0101860,Cadillac,CTS Sedan,2013,50190
1G6DS5E3XD0105469,Cadillac,CTS Sedan,2013,50190
1G6DS5E3XD0107934,Cadillac,CTS Sedan,2013,50190
1G6DS5E3XD0108159,Cadillac,CTS Sedan,2013,50190
1G6DS5E3XD0109618,Cadillac,CTS Sedan,2013,50190
1G6DS5E3XD0117234,Cadillac,CTS Sedan,2013,50190
1G6DS5E3XD0119629,Cadillac,CTS Sedan,2013,50190
1G6DS5E3XD0143090,Cadillac,CTS Sedan,2013,50190
1G6DS5E3XD0156857,Cadillac,CTS Sedan,2013,50190
1G6DS5E3XD0179703,Cadillac,CTS Sedan,2013,50190
1G6DS5ED0B0104935,Cadillac,CTS Sedan,2011,49700
1G6DS5ED0B0118205,Cadillac,CTS Sedan,2011,49700
1G6DS5ED0B0145596,Cadillac,CTS Sedan,2011,49700
1G6DS5ED0B0148725,Cadillac,CTS Sedan,2011,49700
1G6DS5ED0B0152581,Cadillac,CTS Sedan,2011,49700
1G6DS5ED0B0155268,Cadillac,CTS Sedan,2011,49700
1G6DS5ED0B0156615,Cadillac,CTS Sedan,2011,49700
1G6DS5ED0B0163516,Cadillac,CTS Sedan,2011,49700
1G6DS5ED0B0164262,Cadillac,CTS Sedan,2011,49700
1G6DS5ED0B0168652,Cadillac,CTS Sedan,2011,49700
1G6DS5ED0B0169235,Cadillac,CTS Sedan,2011,49700
1G6DS5ED0B0170028,Cadillac,CTS Sedan,2011,49700
1G6DS5ED0B0171180,Cadillac,CTS Sedan,2011,49700
1G6DS5ED1B0137149,Cadillac,CTS Sedan,2011,49700
1G6DS5ED1B0142187,Cadillac,CTS Sedan,2011,49700
1G6DS5ED1B0151701,Cadillac,CTS Sedan,2011,49700
1G6DS5ED1B0151813,Cadillac,CTS Sedan,2011,49700
1G6DS5ED1B0154999,Cadillac,CTS Sedan,2011,49700
1G6DS5ED1B0157143,Cadillac,CTS Sedan,2011,49700
1G6DS5ED1B0158356,Cadillac,CTS Sedan,2011,49700
1G6DS5ED1B0159765,Cadillac,CTS Sedan,2011,49700
1G6DS5ED1B0162326,Cadillac,CTS Sedan,2011,49700
1G6DS5ED1B0166926,Cadillac,CTS Sedan,2011,49700
1G6DS5ED1B0168790,Cadillac,CTS Sedan,2011,49700
1G6DS5ED1B0169213,Cadillac,CTS Sedan,2011,49700
1G6DS5ED2B0101065,Cadillac,CTS Sedan,2011,49700
1G6DS5ED2B0101289,Cadillac,CTS Sedan,2011,49700
1G6DS5ED2B0110493,Cadillac,CTS Sedan,2011,49700
1G6DS5ED2B0143882,Cadillac,CTS Sedan,2011,49700
1G6DS5ED2B0144532,Cadillac,CTS Sedan,2011,49700
1G6DS5ED2B0156471,Cadillac,CTS Sedan,2011,49700
1G6DS5ED2B0160746,Cadillac,CTS Sedan,2011,49700
1G6DS5ED2B0162612,Cadillac,CTS Sedan,2011,49700
1G6DS5ED2B0162979,Cadillac,CTS Sedan,2011,49700
1G6DS5ED2B0165140,Cadillac,CTS Sedan,2011,49700
1G6DS5ED2B0165896,Cadillac,CTS Sedan,2011,49700
1G6DS5ED2B0167860,Cadillac,CTS Sedan,2011,49700
1G6DS5ED2B0169642,Cadillac,CTS Sedan,2011,49700
1G6DS5ED2B0171231,Cadillac,CTS Sedan,2011,49700
1G6DS5ED3B0105173,Cadillac,CTS Sedan,2011,49700
1G6DS5ED3B0129778,Cadillac,CTS Sedan,2011,49700
1G6DS5ED3B0136942,Cadillac,CTS Sedan,2011,49700
1G6DS5ED3B0149416,Cadillac,CTS Sedan,2011,49700
1G6DS5ED3B0155510,Cadillac,CTS Sedan,2011,49700
1G6DS5ED3B0160464,Cadillac,CTS Sedan,2011,49700
1G6DS5ED3B0160996,Cadillac,CTS Sedan,2011,49700
1G6DS5ED3B0162568,Cadillac,CTS Sedan,2011,49700
1G6DS5ED3B0163588,Cadillac,CTS Sedan,2011,49700
1G6DS5ED3B0166345,Cadillac,CTS Sedan,2011,49700
1G6DS5ED3B0166832,Cadillac,CTS Sedan,2011,49700
1G6DS5ED3B0168290,Cadillac,CTS Sedan,2011,49700
1G6DS5ED4B0152454,Cadillac,CTS Sedan,2011,49700
1G6DS5ED4B0154768,Cadillac,CTS Sedan,2011,49700
1G6DS5ED4B0155774,Cadillac,CTS Sedan,2011,49700
1G6DS5ED4B0155807,Cadillac,CTS Sedan,2011,49700
1G6DS5ED4B0156598,Cadillac,CTS Sedan,2011,49700
1G6DS5ED4B0159565,Cadillac,CTS Sedan,2011,49700
1G6DS5ED4B0163115,Cadillac,CTS Sedan,2011,49700
1G6DS5ED4B0163194,Cadillac,CTS Sedan,2011,49700
1G6DS5ED4B0168198,Cadillac,CTS Sedan,2011,49700
1G6DS5ED4B0168640,Cadillac,CTS Sedan,2011,49700
1G6DS5ED5B0103618,Cadillac,CTS Sedan,2011,49700
1G6DS5ED5B0119267,Cadillac,CTS Sedan,2011,49700
1G6DS5ED5B0137333,Cadillac,CTS Sedan,2011,49700
1G6DS5ED5B0143262,Cadillac,CTS Sedan,2011,49700
1G6DS5ED5B0151782,Cadillac,CTS Sedan,2011,49700
1G6DS5ED5B0156349,Cadillac,CTS Sedan,2011,49700
1G6DS5ED5B0158344,Cadillac,CTS Sedan,2011,49700
1G6DS5ED5B0161521,Cadillac,CTS Sedan,2011,49700
1G6DS5ED5B0162345,Cadillac,CTS Sedan,2011,49700
1G6DS5ED5B0162961,Cadillac,CTS Sedan,2011,49700
1G6DS5ED5B0163608,Cadillac,CTS Sedan,2011,49700
1G6DS5ED5B0163897,Cadillac,CTS Sedan,2011,49700
1G6DS5ED5B0164290,Cadillac,CTS Sedan,2011,49700
1G6DS5ED5B0168081,Cadillac,CTS Sedan,2011,49700
1G6DS5ED5B0171031,Cadillac,CTS Sedan,2011,49700
1G6DS5ED6B0111890,Cadillac,CTS Sedan,2011,49700
1G6DS5ED6B0118242,Cadillac,CTS Sedan,2011,49700
1G6DS5ED6B0134134,Cadillac,CTS Sedan,2011,49700
1G6DS5ED6B0141987,Cadillac,CTS Sedan,2011,49700
1G6DS5ED6B0142587,Cadillac,CTS Sedan,2011,49700
1G6DS5ED6B0142704,Cadillac,CTS Sedan,2011,49700
1G6DS5ED6B0149426,Cadillac,CTS Sedan,2011,49700
1G6DS5ED6B0156392,Cadillac,CTS Sedan,2011,49700
1G6DS5ED6B0157378,Cadillac,CTS Sedan,2011,49700
1G6DS5ED6B0157591,Cadillac,CTS Sedan,2011,49700
1G6DS5ED6B0160300,Cadillac,CTS Sedan,2011,49700
1G6DS5ED7B0101028,Cadillac,CTS Sedan,2011,49700
1G6DS5ED7B0101210,Cadillac,CTS Sedan,2011,49700
1G6DS5ED7B0107735,Cadillac,CTS Sedan,2011,49700
1G6DS5ED7B0123644,Cadillac,CTS Sedan,2011,49700
1G6DS5ED7B0124910,Cadillac,CTS Sedan,2011,49700
1G6DS5ED7B0136944,Cadillac,CTS Sedan,2011,49700
1G6DS5ED7B0151668,Cadillac,CTS Sedan,2011,49700
1G6DS5ED7B0159642,Cadillac,CTS Sedan,2011,49700
1G6DS5ED7B0163660,Cadillac,CTS Sedan,2011,49700
1G6DS5ED7B0164226,Cadillac,CTS Sedan,2011,49700
1G6DS5ED7B0169605,Cadillac,CTS Sedan,2011,49700
1G6DS5ED7B0170074,Cadillac,CTS Sedan,2011,49700
1G6DS5ED8B0118324,Cadillac,CTS Sedan,2011,49700
1G6DS5ED8B0121899,Cadillac,CTS Sedan,2011,49700
1G6DS5ED8B0141425,Cadillac,CTS Sedan,2011,49700
1G6DS5ED8B0147175,Cadillac,CTS Sedan,2011,49700
1G6DS5ED8B0152375,Cadillac,CTS Sedan,2011,49700
1G6DS5ED8B0152554,Cadillac,CTS Sedan,2011,49700
1G6DS5ED8B0158869,Cadillac,CTS Sedan,2011,49700
1G6DS5ED8B0159715,Cadillac,CTS Sedan,2011,49700
1G6DS5ED8B0160525,Cadillac,CTS Sedan,2011,49700
1G6DS5ED8B0161741,Cadillac,CTS Sedan,2011,49700
1G6DS5ED8B0163165,Cadillac,CTS Sedan,2011,49700
1G6DS5ED8B0163621,Cadillac,CTS Sedan,2011,49700
1G6DS5ED8B0164011,Cadillac,CTS Sedan,2011,49700
1G6DS5ED8B0165742,Cadillac,CTS Sedan,2011,49700
1G6DS5ED8B0166616,Cadillac,CTS Sedan,2011,49700
1G6DS5ED9B0101189,Cadillac,CTS Sedan,2011,49700
1G6DS5ED9B0118560,Cadillac,CTS Sedan,2011,49700
1G6DS5ED9B0125928,Cadillac,CTS Sedan,2011,49700
1G6DS5ED9B0131664,Cadillac,CTS Sedan,2011,49700
1G6DS5ED9B0138159,Cadillac,CTS Sedan,2011,49700
1G6DS5ED9B0142017,Cadillac,CTS Sedan,2011,49700
1G6DS5ED9B0147587,Cadillac,CTS Sedan,2011,49700
1G6DS5ED9B0152207,Cadillac,CTS Sedan,2011,49700
1G6DS5ED9B0154488,Cadillac,CTS Sedan,2011,49700
1G6DS5ED9B0158847,Cadillac,CTS Sedan,2011,49700
1G6DS5ED9B0160758,Cadillac,CTS Sedan,2011,49700
1G6DS5ED9B0161098,Cadillac,CTS Sedan,2011,49700
1G6DS5ED9B0164292,Cadillac,CTS Sedan,2011,49700
1G6DS5ED9B0164535,Cadillac,CTS Sedan,2011,49700
1G6DS5ED9B0165135,Cadillac,CTS Sedan,2011,49700
1G6DS5ED9B0166138,Cadillac,CTS Sedan,2011,49700
1G6DS5ED9B0166298,Cadillac,CTS Sedan,2011,49700
1G6DS5ED9B0168228,Cadillac,CTS Sedan,2011,49700
1G6DS5ED9B0169332,Cadillac,CTS Sedan,2011,49700
1G6DS5ED9B0170173,Cadillac,CTS Sedan,2011,49700
1G6DS5EDXB0134895,Cadillac,CTS Sedan,2011,49700
1G6DS5EDXB0152314,Cadillac,CTS Sedan,2011,49700
1G6DS5EDXB0154063,Cadillac,CTS Sedan,2011,49700
1G6DS5EDXB0158534,Cadillac,CTS Sedan,2011,49700
1G6DS5EDXB0159540,Cadillac,CTS Sedan,2011,49700
1G6DS5EDXB0164107,Cadillac,CTS Sedan,2011,49700
1G6DS5EDXB0164513,Cadillac,CTS Sedan,2011,49700
1G6DS5EV0A0100875,Cadillac,CTS Sedan,2010,48765
1G6DS5EV0A0102822,Cadillac,CTS Sedan,2010,48765
1G6DS5EV0A0110791,Cadillac,CTS Sedan,2010,48765
1G6DS5EV0A0116591,Cadillac,CTS Sedan,2010,48765
1G6DS5EV1A0100464,Cadillac,CTS Sedan,2010,48765
1G6DS5EV2A0132730,Cadillac,CTS Sedan,2010,48765
1G6DS5EV4A0110129,Cadillac,CTS Sedan,2010,48765
1G6DS5EV6A0109323,Cadillac,CTS Sedan,2010,48765
1G6DS5EV6A0132181,Cadillac,CTS Sedan,2010,48765
1G6DS5EV7A0135185,Cadillac,CTS Sedan,2010,48765
1G6DS5EV8A0102616,Cadillac,CTS Sedan,2010,48765
1G6DS5EV8A0105483,Cadillac,CTS Sedan,2010,48765
1G6DS5EV9A0114046,Cadillac,CTS Sedan,2010,48765
1G6DS5EVXA0101449,Cadillac,CTS Sedan,2010,48765
1G6DS5EVXA0112726,Cadillac,CTS Sedan,2010,48765
1G6DS5EVXA0113200,Cadillac,CTS Sedan,2010,48765
1G6DS8E31C0114206,Cadillac,CTS Wagon,2012,51650
1G6DS8E38D0162352,Cadillac,CTS Wagon,2013,54840
1G6DS8E39C0117869,Cadillac,CTS Wagon,2012,54485
1G6DS8E39C0124420,Cadillac,CTS Wagon,2012,51650
1G6DS8E39C0132758,Cadillac,CTS Wagon,2012,51650
1G6DS8E3XD0147836,Cadillac,CTS Wagon,2013,51650
1G6DS8E3XD0153507,Cadillac,CTS Wagon,2013,51650
1G6DS8ED1B0159072,Cadillac,CTS Wagon,2011,51165
1G6DS8ED3B0170767,Cadillac,CTS Wagon,2011,51165
1G6DS8ED6B0161481,Cadillac,CTS Wagon,2011,51165
1G6DS8ED6B0169127,Cadillac,CTS Wagon,2011,51165
1G6DS8ED7B0166107,Cadillac,CTS Wagon,2011,51165
1G6DS8EDXB0163220,Cadillac,CTS Wagon,2011,51165
1G6DS8EV0A0135143,Cadillac,CTS Wagon,2010,50565
1G6DS8EV4A0110665,Cadillac,CTS Wagon,2010,50565
1G6DS8EV8A0116937,Cadillac,CTS Wagon,2010,50565
1G6DT57V080129961,Cadillac,CTS,2008,35975
1G6DT57V080167786,Cadillac,CTS,2008,35975
1G6DT57V190103595,Cadillac,CTS,2009,40760
1G6DT57V190104472,Cadillac,CTS,2009,40760
1G6DT57V190143126,Cadillac,CTS,2009,40760
1G6DT57V280136507,Cadillac,CTS,2008,35975
1G6DT57V280140931,Cadillac,CTS,2008,35975
1G6DT57V290111818,Cadillac,CTS,2009,40760
1G6DT57V290118445,Cadillac,CTS,2009,40760
1G6DT57V290123581,Cadillac,CTS,2009,40760
1G6DT57V290132328,Cadillac,CTS,2009,40760
1G6DT57V290139991,Cadillac,CTS,2009,40760
1G6DT57V290150103,Cadillac,CTS,2009,40760
1G6DT57V380152828,Cadillac,CTS,2008,35975
1G6DT57V380162839,Cadillac,CTS,2008,35975
1G6DT57V390123153,Cadillac,CTS,2009,40760
1G6DT57V390127185,Cadillac,CTS,2009,40760
1G6DT57V390161496,Cadillac,CTS,2009,40760
1G6DT57V480141725,Cadillac,CTS,2008,35975
1G6DT57V480161084,Cadillac,CTS,2008,35975
1G6DT57V480172361,Cadillac,CTS,2008,35975
1G6DT57V490147932,Cadillac,CTS,2009,40760
1G6DT57V490153245,Cadillac,CTS,2009,40760
1G6DT57V490170630,Cadillac,CTS,2009,40760
1G6DT57V580144505,Cadillac,CTS,2008,35975
1G6DT57V580169095,Cadillac,CTS,2008,35975
1G6DT57V590128659,Cadillac,CTS,2009,40760
1G6DT57V590172998,Cadillac,CTS,2009,40760
1G6DT57V680195365,Cadillac,CTS,2008,35975
1G6DT57V690120294,Cadillac,CTS,2009,40760
1G6DT57V690139315,Cadillac,CTS,2009,40760
1G6DT57V780144957,Cadillac,CTS,2008,35975
1G6DT57V780165887,Cadillac,CTS,2008,35975
1G6DT57V790114925,Cadillac,CTS,2009,40760
1G6DT57V890128610,Cadillac,CTS,2009,40760
1G6DT57V890129546,Cadillac,CTS,2009,40760
1G6DT57V890131877,Cadillac,CTS,2009,40760
1G6DT57V890155953,Cadillac,CTS,2009,40760
1G6DT57V980167124,Cadillac,CTS,2008,35975
1G6DT57V980190810,Cadillac,CTS,2008,35975
1G6DT57V990107216,Cadillac,CTS,2009,40760
1G6DT57V990112514,Cadillac,CTS,2009,40760
1G6DT57VX80169481,Cadillac,CTS,2008,35975
1G6DT57VX90107628,Cadillac,CTS,2009,40760
1G6DT57VX90117205,Cadillac,CTS,2009,47775
1G6DT57VX90119326,Cadillac,CTS,2009,40760
1G6DT57VX90121206,Cadillac,CTS,2009,40760
1G6DT57VX90153069,Cadillac,CTS,2009,40760
1G6DT57VX90157008,Cadillac,CTS,2009,40760
1G6DU57V290104008,Cadillac,CTS,2009,38860
1G6DU57V290131046,Cadillac,CTS,2009,38860
1G6DU57V290152799,Cadillac,CTS,2009,38860
1G6DU57V290166752,Cadillac,CTS,2009,38860
1G6DU57V390131704,Cadillac,CTS,2009,38860
1G6DU57V390132187,Cadillac,CTS,2009,38860
1G6DU57V490158930,Cadillac,CTS,2009,38860
1G6DU57V590167362,Cadillac,CTS,2009,38860
1G6DU57V690126481,Cadillac,CTS,2009,38860
1G6DU57V790158176,Cadillac,CTS,2009,38860
1G6DU57V790168304,Cadillac,CTS,2009,38860
1G6DU57V890100710,Cadillac,CTS,2009,38860
1G6DU57V890157652,Cadillac,CTS,2009,38860
1G6DU57V990120173,Cadillac,CTS,2009,38860
1G6DU57V990160320,Cadillac,CTS,2009,38860
1G6DU57V990167588,Cadillac,CTS,2009,38860
1G6DU57VX90153182,Cadillac,CTS,2009,38860
1G6DU57VX90168054,Cadillac,CTS,2009,38860
1G6DU6EA4A0124111,Cadillac,STS,2010,68785
1G6DU6EAXA0115350,Cadillac,STS,2010,56345
1G6DU6ED3B0110471,Cadillac,STS,2011,47280
1G6DU6ED3B0115802,Cadillac,STS,2011,47280
1G6DU6ED4B0115694,Cadillac,STS,2011,47280
1G6DU6ED9B0101385,Cadillac,STS,2011,47280
1G6DU6ED9B0110698,Cadillac,STS,2011,47280
1G6DU6ED9B0111222,Cadillac,STS,2011,47280
1G6DU6ED9B0114573,Cadillac,STS,2011,47280
1G6DU6EV0A0128112,Cadillac,STS,2010,50385
1G6DU6EV1A0108869,Cadillac,STS,2010,50385
1G6DU6EV1A0150846,Cadillac,STS,2010,55945
1G6DU6EV2A0150645,Cadillac,STS,2010,55945
1G6DU6EV3A0108761,Cadillac,STS,2010,46845
1G6DU6EV3A0125804,Cadillac,STS,2010,50385
1G6DU6EV6A0143777,Cadillac,STS,2010,46845
1G6DU6EV8A0105371,Cadillac,STS,2010,50385
1G6DU6EV8A0139407,Cadillac,STS,2010,55945
1G6DU6EV9A0101135,Cadillac,STS,2010,46845
1G6DU6EV9A0134071,Cadillac,STS,2010,46845
1G6DU6EVXA0101810,Cadillac,STS,2010,50385
1G6DU6EVXA0106103,Cadillac,STS,2010,50385
1G6DU6EVXA0132717,Cadillac,STS,2010,50385
1G6DU6EVXA0144396,Cadillac,STS,2010,55945
1G6DV1EP0B0111667,Cadillac,CTS-V Coupe,2011,62360
1G6DV1EP0B0112401,Cadillac,CTS-V Coupe,2011,62360
1G6DV1EP0B0118053,Cadillac,CTS-V Coupe,2011,62360
1G6DV1EP0B0120384,Cadillac,CTS-V Coupe,2011,62360
1G6DV1EP0B0123995,Cadillac,CTS-V Coupe,2011,62360
1G6DV1EP0B0124368,Cadillac,CTS-V Coupe,2011,62360
1G6DV1EP0B0127271,Cadillac,CTS-V Coupe,2011,62360
1G6DV1EP0B0128159,Cadillac,CTS-V Coupe,2011,62360
1G6DV1EP0B0131594,Cadillac,CTS-V Coupe,2011,62360
1G6DV1EP0C0110777,Cadillac,CTS-V Coupe,2012,63215
1G6DV1EP0C0118345,Cadillac,CTS-V Coupe,2012,63215
1G6DV1EP0C0124694,Cadillac,CTS-V Coupe,2012,63215
1G6DV1EP0C0125375,Cadillac,CTS-V Coupe,2012,63215
1G6DV1EP0C0130544,Cadillac,CTS-V Coupe,2012,63215
1G6DV1EP0C0153323,Cadillac,CTS-V Coupe,2012,63215
1G6DV1EP0D0100008,Cadillac,CTS-V Coupe,2013,63215
1G6DV1EP0D0102857,Cadillac,CTS-V Coupe,2013,63215
1G6DV1EP0D0104463,Cadillac,CTS-V Coupe,2013,63215
1G6DV1EP0D0106598,Cadillac,CTS-V Coupe,2013,63215
1G6DV1EP0D0108741,Cadillac,CTS-V Coupe,2013,63215
1G6DV1EP0D0111994,Cadillac,CTS-V Coupe,2013,63215
1G6DV1EP0D0129881,Cadillac,CTS-V Coupe,2013,63215
1G6DV1EP0E0124889,Cadillac,CTS-V Coupe,2014,63600
1G6DV1EP0E0162669,Cadillac,CTS-V Coupe,2014,63600
1G6DV1EP0F0100593,Cadillac,CTS-V Coupe,2015,69900
1G6DV1EP1B0102363,Cadillac,CTS-V Coupe,2011,62360
1G6DV1EP1B0124007,Cadillac,CTS-V Coupe,2011,62360
1G6DV1EP1B0124380,Cadillac,CTS-V Coupe,2011,62360
1G6DV1EP1B0142894,Cadillac,CTS-V Coupe,2011,62360
1G6DV1EP1B0146203,Cadillac,CTS-V Coupe,2011,62360
1G6DV1EP1B0153569,Cadillac,CTS-V Coupe,2011,62360
1G6DV1EP1B0153751,Cadillac,CTS-V Coupe,2011,62360
1G6DV1EP1B0154009,Cadillac,CTS-V Coupe,2011,62360
1G6DV1EP1B0168119,Cadillac,CTS-V Coupe,2011,62360
1G6DV1EP1C0145750,Cadillac,CTS-V Coupe,2012,63215
1G6DV1EP1D0106643,Cadillac,CTS-V Coupe,2013,63215
1G6DV1EP1D0134068,Cadillac,CTS-V Coupe,2013,63215
1G6DV1EP1D0147922,Cadillac,CTS-V Coupe,2013,63215
1G6DV1EP1D0159990,Cadillac,CTS-V Coupe,2013,63215
1G6DV1EP1D0162372,Cadillac,CTS-V Coupe,2013,63215
1G6DV1EP1E0158212,Cadillac,CTS-V Coupe,2014,63600
1G6DV1EP2B0109161,Cadillac,CTS-V Coupe,2011,62360
1G6DV1EP2B0129412,Cadillac,CTS-V Coupe,2011,62360
1G6DV1EP2B0136991,Cadillac,CTS-V Coupe,2011,62360
1G6DV1EP2B0152432,Cadillac,CTS-V Coupe,2011,62360
1G6DV1EP2B0156965,Cadillac,CTS-V Coupe,2011,62360
1G6DV1EP2B0157999,Cadillac,CTS-V Coupe,2011,62360
1G6DV1EP2C0117925,Cadillac,CTS-V Coupe,2012,63215
1G6DV1EP2C0124468,Cadillac,CTS-V Coupe,2012,63215
1G6DV1EP2C0141819,Cadillac,CTS-V Coupe,2012,63215
1G6DV1EP2C0143733,Cadillac,CTS-V Coupe,2012,63215
1G6DV1EP2C0147426,Cadillac,CTS-V Coupe,2012,63215
1G6DV1EP2C0150973,Cadillac,CTS-V Coupe,2012,63215
1G6DV1EP2D0114556,Cadillac,CTS-V Coupe,2013,63215
1G6DV1EP2D0125945,Cadillac,CTS-V Coupe,2013,63215
1G6DV1EP2D0126528,Cadillac,CTS-V Coupe,2013,63215
1G6DV1EP2D0151879,Cadillac,CTS-V Coupe,2013,63215
1G6DV1EP2D0154796,Cadillac,CTS-V Coupe,2013,63215
1G6DV1EP2D0154880,Cadillac,CTS-V Coupe,2013,63215
1G6DV1EP2D0172120,Cadillac,CTS-V Coupe,2013,63215
1G6DV1EP2E0104739,Cadillac,CTS-V Coupe,2014,63600
1G6DV1EP2E0111433,Cadillac,CTS-V Coupe,2014,63600
1G6DV1EP2E0116888,Cadillac,CTS-V Coupe,2014,63600
1G6DV1EP2E0117796,Cadillac,CTS-V Coupe,2014,63600
1G6DV1EP2E0123176,Cadillac,CTS-V Coupe,2014,63600
1G6DV1EP2E0171275,Cadillac,CTS-V Coupe,2014,63600
1G6DV1EP2E0174693,Cadillac,CTS-V Coupe,2014,63600
1G6DV1EP2F0100255,Cadillac,CTS-V Coupe,2015,69900
1G6DV1EP2F0100286,Cadillac,CTS-V Coupe,2015,69900
